id,internationalSecNumber,symbol,marketCap,sharesOutstanding,sector,subSector,companyName,marketClassification,dateListed,dateOfIncorporation,website,natureofBusiness,companyAddress,telephone,fax,email,companySecretary,auditor,registrars,boardOfDirectors
1,NGMOBIL00007,MOBIL,,360595262.0,OIL AND GAS,Petroleum and Petroleum Produc,11 PLC,Main Board,1991-07-25T00:00:00,1951-12-31T00:00:00,www.11plc.com,"Marketing of Petroleum products, Manufacturing of automotive /industrial Lubricants and Petroleum jelly","1, Mobil Road, Apapa, Lagos.",012801600,012801607,info@11plc.com,Chris-Olumayowa Meseko,Grant Thornton Nigeria,Greenwich Registrars,
2,NGABBEY00001,ABBEYBDS,,6461538462.0,FINANCIAL SERVICES,"""Mortgage Carriers, Brokers an",ABBEY MORTGAGE BANK PLC,Main Board,,1991-08-26T00:00:00,www.abbeymortgagebankplc.com,Primary Mortgage Bank (PMB),23 KARIMU KOTUN STREET VICTORIA ISLAND LAGOS,019035700,,enquiries@abbeymortgagebankplc.com,GEOFFREY AMAGHEREONU,,AFRICA PRUDENTIAL PLC,
3,NGACADEMY008,ACADEMY,,604800000.0,SERVICES,Printing/Publishing,ACADEMY PRESS PLC.,Main Board,1965-06-15T00:00:00,1964-07-28T00:00:00,www.academypress-plc.com,"Offset Lithographic printing, Educational and Trade Books, confidential Printing, Full Colour Work","28/32 Industrial Avenue, Ilupeju Industrial Estate, Ilupeju - Lagos",08034035130,,applc@academypress-plc.com,Alpha-Genasec Limited,"Ernst &amp; Young, HLB Z.O. Ososanya &amp; Co.,",Pace Registrars Limited,
4,NGACCESS0005,ACCESS,,35545225622.0,FINANCIAL SERVICES,Banking,ACCESS BANK PLC.,Premium Board,,1989-02-08T00:00:00,www.accessbankplc.com,Commercial Banking,"Access Tower Plot 14/15, Prince Alaba Oniru Street, Oniru Estate, Victoria Island, Lagos",23412805628,ACCESS BANK PLC 029200328C3N9YI2D660,info@accessbankplc.com,Mr. Sunday Ekwochi,PricewaterhouseCoopers,"United Securities Limited, United Securities Limited, United Securities Limited, United Securities Limited",
5,NGAFRIPRUD04,AFRIPRUD,,2000000000.0,FINANCIAL SERVICES,Other Financial Institutions,AFRICA PRUDENTIAL PLC,Main Board,2013-11-01T00:00:00,2006-03-23T00:00:00,www.africaprudentialregistrars.com,Share Registration,"220B, IKORODU ROAD,PALMGROVE,LAGOS",07080606400,,info@africaprudentialregistrars.com,,AKINTOLA WILLIAMS DELOITTE,AFRICA PRUDENTIAL REGISTRARS PLC,
6,NGAFRINSURE4,AFRINSURE,,20585000000.0,FINANCIAL SERVICES,"""Insurance Carriers, Brokers a",AFRICAN ALLIANCE INSURANCE PLC,Main Board,2009-09-17T00:00:00,1960-05-06T00:00:00,www.africanallianceplc.com,Life and Pension Businesses,"54, Awolowo Road, Ikoyi, Lagos",08066309476,,info@africanallianceplc.com,Tope  Adebayo LLP,Deloitte &amp;Touche,Mainstreet Bank Registrars Limited,
7,NGAFROMEDIA7,AFROMEDIA,,4439046986.0,SERVICES,Advertising,AFROMEDIA PLC,Main Board,2009-05-18T00:00:00,1959-10-28T00:00:00,www.afromediaplc.com,Out-of-Home Media Services,"39, LADIPO BATEYE STREET, GRA, IKEJA, LAGOS",07013486336,,info@afromediaplc.com,IFETOLA FADEYIBI,ERNST &amp; YOUNG,EDC REGISTRARS LIMITED,"Kabiru Usman, Lateef Akande  Bakare, Olujide Shokunbi"
8,NGAIICO00006,AIICO,,20673265406.0,FINANCIAL SERVICES,"""Insurance Carriers, Brokers a",AIICO INSURANCE PLC.,Main Board,,1970-07-14T00:00:00,www.aiicoplc.com,Provision of Insurance Services to Individuals and Corproate clients and Investment,"AIICO Plaza, Plot PC 12, Churchgate Street, Victoria Island, Lagos",012792930,2348022921804-5,info@aiicoplc.com,Donald Kanu,,United Securities Limited,
9,GB00BKDRYJ47,AIRTELAFRI,,3758151504.0,ICT,Telecommunications Services,AIRTEL AFRICA PLC,Main Board,2019-07-09T00:00:00,2018-07-12T00:00:00,,Telecommunication Services,,,,,,,,
10,NGALEX000003,ALEX,,219956000.0,NATURAL RESOURCES,Metals,ALUMINIUM EXTRUSION IND. PLC.,Main Board,1987-12-29T00:00:00,1982-10-26T00:00:00,http://alexnigeria.com/,Manufacturing and Sales of Extruded Aluminium Products and Roofing Shets,"Km 4, Atta-Amaimo Road, Inyishi, P.M.B. 1581, Owerri, Imo State",07059872478,,alex@alexnigeria.com,DCSL Corporate Services Limited,"Madu, Onyekwena &amp; Co",GTL Registrars Limited,
11,NGARBICO0007,ARBICO,,148500000.0,CONSTRUCTION/REAL ESTATE,Building Construction,ARBICO PLC.,Main Board,,1958-06-18T00:00:00,www.arbico.ng,Building Construction,Plot D Block 7 Industrial crescent Ilupeju Lagos ,234 1 793 7182,Arbico Plc,Info@arbico.ng,Olaniwun Ajayi and Co,,Apel Asset Limited,
12,NGAP00000004,ARDOVA,,1302481103.0,OIL AND GAS,Petroleum and Petroleum Produc,ARDOVA PLC,Main Board,,1964-11-12T00:00:00,www.ardovaplc.com,Petroleum Products Marketing,"1 AP/Conoil Road, Ijora, Lagos",01271600,102776129,investorrelations@ardovaplc.com,"Akinleye Olagbende, Oladeinde Nelson-Cole","Deloitte &amp; Touche, PKF ",Veritas Registrars Limited,"AbdulWasiu  Sowami, Aniola Durosinmi-Etti, Mohammed Aminu Umar, Moshood Olajide, Olumide Adeosun, Olusola Adeeyo"
13,NGASOSAVING3,ASOSAVINGS,,14741733802.0,FINANCIAL SERVICES,"""Mortgage Carriers, Brokers an",ASO SAVINGS AND LOANS PLC,Main Board,2008-04-25T00:00:00,1995-11-09T00:00:00,www.asoplc.com,"Mortgages, Savings and Small Business Banking","PLOT 266 FMBN BUILDING, CADASTRAL ZONE AO, CENTRAL BUSINESS DISTRICT, ABUJA",094611587,094611589,customerservice@asoplc.com,"BILKISU RIMI, IBRAHIM K. GAGA","AMINU IBRAHIM &amp; CO, ERNST &amp; YOUNG",FIRST REGISTRARS NIGERIA PLC,
14,NGABCTRANS01,ABCTRANS,,1657700001.0,SERVICES,Road Transportation,ASSOCIATED BUS COMPANY PLC,Main Board,2006-12-20T00:00:00,1993-04-05T00:00:00,www.abctransport.com,TRANSPORTATION BY ROAD,"KM 5 UMUOBA URATTA, MCC ROAD OWERRI, IMO STATE",046660750,083-231275,info@abctransport.com,Onyekachukwu C. Chigbo,,FIRST REGISTRARS,
15,NGAUSTINLAZ9,AUSTINLAZ,,1079860000.0,INDUSTRIAL GOODS,Electronic and Electrical Prod,AUSTIN LAZ & COMPANY PLC,Main Board,,1982-07-13T00:00:00,,"Production, sales and marketing of ice block machines and coolers",,,,,Ifeanyi Ofor &amp; co,David Ugiagbe,First Registrar's,
16,NGGTASSURE05,MANSARD,,36000000000.0,FINANCIAL SERVICES,"""Insurance Carriers, Brokers a",AXAMANSARD INSURANCE PLC,Main Board,2009-11-19T00:00:00,1989-06-23T00:00:00,www.axamansard.com,Life and Non-life Insurance,"Plot 1412, Ahmadu Bello Way, Victoria Island",012701560 ,,omowunmi.adewusi@axamansard.com,Omowunmi Mabel Adewusi,KPMG Professional Services,DATAMAX REGISTRARS LIMITED,
17,NGBOCGAS0008,BOCGAS,,416244706.0,NATURAL RESOURCES,Chemicals,B.O.C. GASES PLC.,Main Board,,1959-12-11T00:00:00,,Manufacture of Industrial and Medical Gases well as Marketing of Special Gass Welding and Medical Equipment,,,,,,,,
18,NGBERGER0000,BERGER,,289823447.0,INDUSTRIAL GOODS,Building Materials,BERGER PAINTS PLC,Main Board,,1959-09-01T00:00:00,www.bergerpaintsnig.com,"Manufacturing of decorative, industrial automotive and marine paints, putty and allied products","102, Oba Akran Avenue, Ikeja Industrial Estate, Ikeja, Lagos","012805161,012805162,015805163","012805160,012805162",customercare@bergerpaintnig.com,Ayokunle Ayoko,KPMG Professional Service,Meristem Registrars Limited,
19,NGBETAGLAS04,BETAGLAS,,499972000.0,INDUSTRIAL GOODS,Packaging/Containers,BETA GLASS PLC.,Main Board,1986-07-02T00:00:00,1974-06-02T00:00:00,www.frigoglass.com,Manufacture and Sale of Glass Bottles and Glassware,"Iddo House, Iddo",23412806700,23412806701,info-nigeria@frigoglass.com,"Ms. Titi Talabi, Temidayo Olaofe Mrs",PricewaterhouseCoopers ,City Securities (Registrars) Limited.,
20,NGBAPLC00002,BAPLC,,10000000.0,ICT,Telecommunications Services,BRICLINKS AFRICA PLC,Growth Board,2021-02-05T00:00:00,2015-07-30T00:00:00,,Telecommunication Services,"8 Justice Lawal Uwais Street, off Jose Marti Crescent, Asokoro, Abuja",+234(0)92921788,,connect@bricnet.com.ng,,,,
21,NGBUACEMENT3,BUACEMENT,,33864354060.0,INDUSTRIAL GOODS,Building Materials,BUA CEMENT PLC,Main Board,2020-01-09T00:00:00,2014-05-30T00:00:00,,Cement Manufacturing & Marketing,,,,,Aliyu Ahmed,PricewaterhouseCoopers,,
22,NGCILEASING2,CILEASING,,781646167.0,SERVICES,Support and Logistics,C & I LEASING PLC.,Main Board,1997-12-01T00:00:00,1990-12-28T00:00:00,www.c-ileasing.com,Equipment Leasing/Rentals and Providing Ancillary Logistics Support Services to Companies,"Leasing House, 2 C & I Leasing Drive,Off Bisola Durosimi Etti Drive, Off Admiralty Way, Lekki Phase 1, Lagos",09038869179,,info@c-ileasing.com,"MBANUGO UDENZE &amp; CO. Barristers, Solicitors &amp; Notary Public",PKF Professional Services ,Centurion Registrars,
23,NGCADBURY001,CADBURY,,1878202040.0,CONSUMER GOODS,Food Products--Diversified,CADBURY NIGERIA PLC.,Main Board,,1965-01-09T00:00:00,www.cadburynigeria.com,"Manufacturing and Marketing of Foods, Food Drinks, Confectionery and Domestic Products",LATEEF JAKANDE ROAD AGIDINGBI IKEJA,23412717777,,cadburynigeria@mdlz.com,FOLA AKANDE,KPMG PROFESSIONAL SERVICES,FIRST REGISTRARS NIGERIA LTD,
24,NGCAP0000009,CAP,,700000000.0,INDUSTRIAL GOODS,Building Materials,CAP PLC,Main Board,1978-05-24T00:00:00,1965-09-21T00:00:00,https://www.capplc.com/,"Manufacture, marketing of paints and sales of fire estinguishing products","2, Adeniyi Jones Ikeja Lagos", 08159493070,,careline@capplc.com,"Ayomipo Wey, MRS ROSE HAMIS",Ernst &amp; Young,Africa Prudential Plc,
25,NGCAPHOTEL09,CAPHOTEL,,1548780000.0,SERVICES,Hotels/Lodging,CAPITAL HOTEL PLC,Main Board,1990-08-15T00:00:00,1981-01-16T00:00:00,www.capitalhotelsng.org,"Sale of Accommodation, Operation and Maintenance Restaurants, Bars;","1 LADI KWALI STREET,WUSE ZONE 4,FCT ABUJA","94612000,94612100",,info@capitalhotelsng.org,IFEBUNANDU&amp;CO,PKF Professional Services (Chartered Accountants),City Securities Registrars Limited,
26,NGCAPOIL0007,CAPOIL,,5857548000.0,OIL AND GAS,Petroleum and Petroleum Produc,CAPITAL OIL PLC,ASeM,,1985-08-29T00:00:00,www.capitaloilplc.com,Marketing of petroleum products and Gas,"43, Adeniyi Jones, Ikeja",012121970,,info@capitaloilplc.com,,"Egunjobi, Adegbite &amp; Co.",,
27,NGCAVERTON07,CAVERTON,,3350509750.0,SERVICES,Support and Logistics,CAVERTON OFFSHORE SUPPORT GRP PLC,Main Board,2014-02-06T00:00:00,2008-06-02T00:00:00,www.caverton-offshore.com,Marine & Aviation,"1 Prince Kayode Akingbade Close, Victoria Island, Lagos",23412705656,23414617645,info@caverton-offshore.com,Ms. Amaka Obiora ,Ernst &amp; Young,United Securities Limited,
28,NGCHAMPION00,CHAMPION,,7829496464.0,CONSUMER GOODS,Beverages--Brewers/Distillers,CHAMPION BREW. PLC.,Main Board,1983-09-01T00:00:00,1974-07-31T00:00:00,www. championbreweries.com,"Brewing, Bottling and Selling of beer and non-alcoholic drinks","Industrial Layout, Aka Offot, Uyo, Akwa Ibom State, Nigeria.",080722909423,CHAMPION BREWERIES PLC,info@championbreweries.com,Tosan Atle Aiboni,KPMG Professional Services,,
29,NGCHAMS00001,CHAMS,,4696060000.0,ICT,Processing Systems,CHAMS PLC,Main Board,,1985-09-10T00:00:00,WWW.CHAMS.COM,Intelligent Business Solutions,"8 LOUIS SOLOMON CLOSE, VICTORIA ISLAND,LAGOS",2347389314,029200562G0K0C6A5A70,INFO@CHAMS.COM,Yetunde Emmanuel,BDO PROFESSIONAL SERVICES,First Registrars Limited,
30,NGCHELLARAM5,CHELLARAM,,722925000.0,CONGLOMERATES,Diversified Industries,CHELLARAMS PLC.,Growth Board,1977-04-01T00:00:00,1947-08-13T00:00:00,www.chellaramsplc.com,"Distributive Trade and Manufacturing, Assembly of Motorcycles, Tricycles and Bicycles, Manufacturing fo Real Milk and Packaging Materials, Large Scale Farming & Retail of Wears and Apparels and KFC Franchise","PLOT 110/114, OSHODI-APAPA EXPRESSWAY, ISOLO, LAGOS",017733838 ,012793737,info@chellaramsplc.com,Ezinwanne Dorothy Nnoruka (Mrs.),PKF Professional Services ,Union Registrars Ltd,
31,NGCONOIL0003,CONOIL,,693952117.0,OIL AND GAS,Petroleum and Petroleum Produc,CONOIL PLC,Main Board,,1970-06-30T00:00:00,www.conoilplc.com,Marketing of Refined Petroleum Products. Manufacturing and Marketing of Lubricants,38 / 39 Marina Lagos,019032991,,info@conoilplc.com,Evi Obieroma,Akintola Williams Deloitte,Meristem Registrars Limited,
32,NGHMARKINS04,CHIPLC,,10704500000.0,FINANCIAL SERVICES,"""Insurance Carriers, Brokers a",CONSOLIDATED HALLMARK INSURANCE PLC,Main Board,2008-02-22T00:00:00,1991-08-02T00:00:00,www.chiplc.com,General and Special Risks Insurance,266 IKORODU ROAD OBANIKORO LAGOS,012912543,,info@chiplc.com,Rukevwe Falana,SIAO Professional Services,Meristem registrars &amp; Probate Services limited,
33,NGCORNERST03,CORNERST,,18166392726.0,FINANCIAL SERVICES,"""Insurance Carriers, Brokers a",CORNERSTONE INSURANCE PLC,Main Board,,1991-07-26T00:00:00,www.cornerstone.com.ng,"General Business, Special Risks and Life and Pensions","21 Water Corporation Drive, Off Ligali Ayorinde Street, Victoria Island, Lagos",012806500,,enquiries@cornerstone.com.ng,PAC Solicitors,KPMG Professional Services,Lighthouse Registrars Limited,
34,NGWAPIC00004,WAPIC,,23991679506.0,FINANCIAL SERVICES,"""Insurance Carriers, Brokers a",CORONATION INSURANCE PLC,Main Board,1990-08-31T00:00:00,1958-03-14T00:00:00,www.coronationinsurance.com.ng,General Insurance Underwriter,"119, Awolowo Road, Ikoyi, Lagos ",07098821284,,"info@coronationinsurance,com.ng",Ms. Mary Agha ,PricewaterhouseCoopers Limited,United Securities Limited,
35,NGCOURTVILE6,COURTVILLE,,3552000000.0,ICT,Computer Based Systems,COURTEVILLE BUSINESS SOLUTIONS PLC,Main Board,,2005-01-04T00:00:00,www.courtevillegroup.com,Development of Business Solutions and provision of other e-commerce services ,"38 Commercial Avenue, Sabo Yaba, Lagos",2348028994830 ,,info@courtevillegroup.com,"Jackson, Etti &amp; Edu",Abax-OOSA Professionals,,
36,NGCUSTODYIN6,CUSTODIAN,,5881864195.0,FINANCIAL SERVICES,Other Financial Institutions,CUSTODIAN INVESTMENT PLC,Main Board,,1991-08-22T00:00:00,www.custodianplc.com.ng,"Investment Holding Company having interest in Life Insurance, General Insurance, Pensions, Trustees, Property and Financial Services","16A, COMMERCIAL AVENUE, SABO, YABA, LAGOS STATE, NIGERIA.",234012774000,,carecentre@custodianinsurance.com,CUSTODIAN TRUSTEES LIMITED,Ernst &amp; Young,"Meristem Registrars Limited, Meristem Registrars Limited",
37,NGCUTIX00002,CUTIX,,1761322026.0,INDUSTRIAL GOODS,Electronic and Electrical Prod,CUTIX PLC.,Main Board,1987-08-12T00:00:00,1982-11-04T00:00:00,www.cutixplc.com.ng,"Manufacturing and Marketing of Electrical , Automobile and Telecommunication Wires, Cables, and Related Products","17, Osita Onyejianya Street, Umuanuka, Otolo, Nnewi, Anambra State",046280087,,secretariat@cutixplc.com.ng,Mrs Chinwendu Nwokporo,Alatta Nzewi Oyeka &amp; Co,EDC Registrars Ltd,
38,NGCWG0000002,CWG,,2524826359.0,ICT,IT Services,CWG PLC,Main Board,,1991-09-26T00:00:00,www.cwlgroup.com,IT Services (Information Technology Services),"Block 54, Plot 10, off Rufus Giwa Street, off Adebayo Doherty Road, Lekki Phase 1, Lagos",012706065,012705998,info.cwl@cwlgroup.com,"Folasade Afolabi-Modebelu, Okey Ejibe",Ernst&amp;Young,"Africa Prudential Registrars Plc, Africa Prudential Registrars Plc",
39,NGDAARCOMM01,DAARCOMM,,12000000000.0,SERVICES,Media/Entertainment,DAAR COMMUNICATIONS PLC,Main Board,,1988-08-18T00:00:00,,"Broadcasting, Multimedia and Allied Services",,,,,,,,
40,NGDANGCEM008,DANGCEM,,17040507405.0,INDUSTRIAL GOODS,Building Materials,DANGOTE CEMENT PLC,Premium Board,2010-10-26T00:00:00,1992-11-04T00:00:00,www.dangotecement.com,Production and Sale of Cement,"Marble House, 1 Alfred Rewane Road, Ikoyi, Lagos State",+234 1 450 643,,customercare@dangote.com,"Edward Imoedemhe, Ityoyila Ukpi, Mahmud Kazaure","Ahmed Zakari &amp; Co. , Deloitte Nigeria, KPMG",United Securities Limited,"Abdu Dantata , Aliko Dangote , Berlina Moroole, Cherie Blair (QC) , Devakumar V. G. Edwin , Dorothy Ufot (SAN) , Douraid Zaghouani  , Emmanuel Ikazoboh , Ernest Ebi , Michel Puchercos , Olakunle Alake , Sani Dangote , Sir Michael L. Davis , Viswanathan Shankar  "
41,NGDANSUGAR02,DANGSUGAR,,12146878241.0,CONSUMER GOODS,Food Products,DANGOTE SUGAR REFINERY PLC,Main Board,2007-03-08T00:00:00,2005-01-04T00:00:00,,Refinery Raw Sugar into Edible Sugar and Sale of Refined Sugar,,,,,,,,
42,NGDEAPCAP009,DEAPCAP,,1500000000.0,FINANCIAL SERVICES,Other Financial Institutions,DEAP CAPITAL MANAGEMENT & TRUST PLC,Main Board,2007-12-17T00:00:00,2002-06-05T00:00:00,,"BANKING Company specialising in Funds Management, Capital Maket Operations, Financial Advisory Services Portfolio Management, Leasing and Issuing House Services",,,,,,,,
43,NGDUNLOP0005,DUNLOP,,4772669212.0,CONSUMER GOODS,Automobiles/Auto Parts,DN TYRE & RUBBER PLC,Main Board,,1961-10-21T00:00:00,http://www.dntyreandrubberplc.com,Marketing of Automobile,"Plot 23 Oba Akran Avenue, Ikeja, Lagos",012715997,,info@dntyreandrubberplc.com,,SIAO Chartered Accountants,Union Registrars Ltd,
44,NGETRANZ0005,ETRANZACT,,6634566483.0,ICT,Processing Systems,E-TRANZACT INTERNATIONAL PLC,Main Board,2009-08-07T00:00:00,2003-05-07T00:00:00,www.etranzact.com,Remote real-time settlement of transactions using multi channel electronic payment system.,"4th & 5th Floor, Fortune Towers, 27/29, Adeyemo Alakija Street, Victoria Island, Lagos",017101060 ,,info-ng@etranzact.com,PAC Solicitors, Deloitte &amp; Touche Nigeria,Meristem Registrars,
45,TG0000000132,ETI,,18349551215.0,FINANCIAL SERVICES,Banking,ECOBANK TRANSNATIONAL INCORPORATED,Main Board,2006-09-11T00:00:00,1985-10-03T00:00:00,www.ecobank.com,Provision of Banking and Financial Services through its subsidiaries and affiliates,"2365,Boulevard du Mono ",+22822210303,+228 22 21 51 19,madicisse@ecobank.com,CISSE Madibinet,"Akintola Williams Deloitte, Grant Thorton Côte d’Ivoire","EDC Investment Corporation, EDC Securities Limited, Ghana Commercial Bank Limited, Share Registry Department",
46,NGECOCORP009,EKOCORP,,498600908.0,HEALTHCARE,Healthcare Providers,EKOCORP PLC.,Main Board,,1991-10-09T00:00:00,www.ekohospitals.com,Healthcare Services,"31, MOBOLAJI BANK ANTHONY WAY, ",012716997 ,EKOCORP,info@ekocorp.org,SUNMONU 'LAYO,BDO PROFESSIONAL SERVICES,UNION REGISTRARS LIMITED,
47,NGELLAHLAKE8,ELLAHLAKES,,2000000000.0,AGRICULTURE,Crop Production,ELLAH LAKES PLC.,Main Board,,1980-07-02T00:00:00,www.ellahlakes.com,Specializing in Oil Palm and Cassava Plantations,"No 12 Ihama Road, G.R.A Benin-City, Edo State, Nigeria",0,,info@ellahlakes.com,OAKE Legal    Rep:Kenechi Ezezika,Olabode Akande &amp; Co(Chartered Accountants) ,Cardinalstone Registrars,"Charles Anajemba, Chijioke Dozie, Chuka Mordi, Enotie Ogbebor, Gbubemi Jakpa, Hauwa  Nuru, Joe Attueyi, Maxwell Oko, Nnenna Onyewuchi, Olumide Akpata, Osaro Oyegun, Shehu Abubakar"
48,NGETERNAOIL1,ETERNA,,1304144647.0,OIL AND GAS,Petroleum and Petroleum Produc,ETERNA PLC.,Main Board,,1989-01-13T00:00:00,www.eternaplc.com,"Manufacturing and Marketing of Lubricanting Oils and petro-chemicals, sale of Fuels.",5a Oba Adeyinka Oyekan Avenue (Formerly Second Avenue) Ikoyi Lagos,23414605316,,investors@eternaplc.com,Bunmi Agagu,Akintola Williams Deloitte,Wema Registrars Limited,"Farouk Ahmed, Nnamdi  Obiagwu"
49,NGEVANSMED04,EVANSMED,,732347370.0,HEALTHCARE,Pharmaceuticals,EVANS MEDICAL PLC.,Main Board,1979-07-23T00:00:00,1954-04-23T00:00:00,www.evansmedicalplc.com,Pharmaceutical and Food Manufacturing,"Plot 6, Abimbola Way, Isolo, Lagos.",23417901401,"2806822,2806823",info@evansmedicalplc.com,CAUTIOUS SERVICES LIMITED,PRICEWATERHOUSECOOPERS,CITY SECURITIES (REGISTRARS) LIMITED,
50,NGFBNH000009,FBNH,,35895292792.0,FINANCIAL SERVICES,Other Financial Institutions,FBN HOLDINGS PLC,Premium Board,2012-11-26T00:00:00,2012-08-13T00:00:00,http://www.fbnholdings.com/,Provision of Banking and Other Financial Services to corporate and Individual customers,"11th Floor, Samuel Asabia House, 35 Marina, Lagos",019052057,,fbnholdingshelpdesk@fbnholdings.com,SEYE KOSOKO,KPMG Professional Services,FIRST REGISTRARS NIGERIA LIMITED,"Dr Adesola Adeduntan, FCA , Dr Sule Wuro Bokki  , Dr. Oba A. Otudeko, CFR , Mr. Chidi Anya , Mr. Omatseyin Akene Ayida  , Mr. Oye Hassan-Odukale, MFR , MR. U.K Eke, MFR , MS CECILIA AKINTOMIDE , Otunba (Mrs.) Bosede Adebola Osibogun  "
51,NGFCMB000005,FCMB,,19802710754.0,FINANCIAL SERVICES,Other Financial Institutions,FCMB GROUP PLC.,Main Board,2013-06-21T00:00:00,2012-11-20T00:00:00,www.fcmb.com,Provision of banking and other financial services to corporate and individual customers,"44 MARINA, LAGOS, NIGERIA",234014612610,234012713552,fcmbgroupplc@fcmb.com,Olufunmilayo Adedibu (Mrs),KPMG PROFESSIONAL SERVICES,CITY SECURITIES (REGISTRARS) LIMITED,
52,NGFIDELITYB5,FIDELITYBK,,28974797023.0,FINANCIAL SERVICES,Banking,FIDELITY BANK PLC,Main Board,2005-05-17T00:00:00,1987-11-19T00:00:00,www.fidelitybank.ng,Commercial Banking ,"2 Kofo Abayomi Street, Victoria Island, Lagos State",2700530 ,,true.serve@fidelitybank.ng,Mrs. Ezinwa Unuigboje,Ernst &amp; Young / PKF Professional Services ,First Registrars Nigeria Limited,"Alhaji Isa Mohammed Inuwa , Mr. Chidozie Agbapu , Mr. Gbolahan Joshua , Mr. Hassan Imam , Mr. Obaro Odeghe , Pst. Kings Akuma "
53,NGFIDSON0006,FIDSON,,2086360250.0,HEALTHCARE,Pharmaceuticals,FIDSON HEALTHCARE PLC,Main Board,2008-04-06T00:00:00,1995-03-13T00:00:00,www.fidson.com,Manufacturing and Distributin of Pharmaceutical Products,"268, Ikorodu Road, Obanikoro, Lagos",013429106013429102,,info@fidson.com,J. Abayomi Adebanjo,,,"EKWUNIFE OKOLI, OLA IJIMAKIN, VINCENT AHONKHAI"
54,NGFLOURMILL0,FLOURMILL,,4100379605.0,CONSUMER GOODS,Food Products,FLOUR MILLS NIG. PLC.,Main Board,,1960-09-29T00:00:00,www.fmnplc.com,"Flour milling, Pasta Production, Importation, Blending, Distribution and Sale of Fertilizer, Manufacturing and Marketing of Laminated and Woven Polypropylene Sacks, Operation of Terminals A and B at Apapa Ports, etc","1, Golden Penny Place, Wharf Road, Apapa, Lagos",07056891000,,contactus@fmnplc.com,"Alh. Y. Olalekan Saliu, Joseph Odion Umolu",KPMG Professional Services,Atlas Registrars Limited,
55,NGFTNCOCOA02,FTNCOCOA,,2200000000.0,AGRICULTURE,Crop Production,FTN COCOA PROCESSORS PLC,Main Board,,1991-08-26T00:00:00,www.ftncocoa.com.ng,Processing of Cocoa Beans and Palm Kernel,"NO. 21, EMMANUEL KESHI STREET, BYE OLADIPO SESSI BUS STOP,MAGODO G.R.A., LAGOS",23417409651,,info@ftncocoa.com.ng,,Baker Tilly Nigeria,Meristem Registrars,
56,NGGLAXOSMTH8,GLAXOSMITH,,1195876488.0,HEALTHCARE,Pharmaceuticals,GLAXO SMITHKLINE CONSUMER NIG. PLC.,Main Board,,1971-06-23T00:00:00,www.gsk.com/ng,"Manufacturing, Marketing and Distribution of Pharmaceutical and Oral healthcare Products","1, Industrial Avenue, Ilupeju Lagos",2711000,,ng.investors@gsk.com,"Olaleye Dada, Uchenna Uwechia",DELOITTE &amp; TOUCHE,"Greenwich Registrars &amp; Data Solutions Limited, UNION REGISTRARS LIMITED","Mr. Basel Nizameddin , Mr. Bosco Kirugi , Mr. Edmund C. Onuzo , Mr. Edmund C. Onuzo , Mr. Kunle Oyelana , Mr. Mark Pfister , Mr. Samuel Kuye , Mrs. Lubabatu Bello , Mrs. Oludewa Edodo -Thorpe , Oussama Abbas"
57,NGGSPECPLC08,GSPECPLC,,800000000.0,SERVICES,Transport-Related Services,GLOBAL SPECTRUM ENERGY SERVICES PLC,Main Board,2017-11-27T00:00:00,2006-03-14T00:00:00,www.globalspectrumplc.com  ,"Maritime Security, Logistics, Energy and Engineering Services","49, Chris Madueke Street, Lekki Phase 1, Lagos",014540104,0292003873E0K6YD4A95,contact@globalspectrumplc.com,Rayfield Associates,OLUFEMI FAJUYI &amp; CO.,Africa Prudential Plc ,
58,NGGOLDBREW01,GOLDBREW,,1024668000.0,CONSUMER GOODS,Beverages--Brewers/Distillers,GOLDEN GUINEA BREW. PLC.,Main Board,,1962-09-26T00:00:00,,"Brewing, Bottling and Marketing of Beer, Stout and Malt Drinks",,,,,,,,
59,NGGOLDINSUR8,GOLDINSURE,,4549947000.0,FINANCIAL SERVICES,"""Insurance Carriers, Brokers a",GOLDLINK INSURANCE PLC,Main Board,2008-02-12T00:00:00,1993-09-08T00:00:00,www.goldlinkplc.com,"Life, General & Specific Risk Insurance","Goldlink Plaza, 6, Emmanuel Street Maryland Lagos",08117923001,,info@goldlinkplc.com,Miss Tobi Olaleye,Messrs. KPMG Professional Services,Pace Registrars Ltd,
60,NGVANLEER005,VANLEER,,42640000.0,INDUSTRIAL GOODS,Packaging/Containers,GREIF NIGERIA PLC,Main Board,,1940-01-20T00:00:00,www.greif.com,Manufacturing and Marketing of Metal Drums Containers,"2nd Floor, Plot 5, Chief Yesuf Abiodun Street, Oniru Road, Victoria Island, Lagos",012809354,12121765,info.greifnigplc@gmail.com,Marina Nominees Ltd,Ernst &amp; Young,All Crown Registrars Ltd,
61,NGGUARANTY06,GUARANTY,,29431179224.0,FINANCIAL SERVICES,Banking,GUARANTY TRUST BANK PLC.,Main Board,,1990-07-20T00:00:00,www.gtbank.com,Commercial Banking ,"Plot 635, Akin Adesola Street, Victoria Island, Lagos",014480740,012793341,erhi.obebeduo@gtbank.com,"Erhi Obebeduo, OLutola Omotola",PricewaterhouseCoopers,Datamax Registrars Limited,"HARUNA MUSA , MR. ADEBAYO ADEOLA , Mr. Babajide Gregory Okuntola  , MR. DEMOLA ODEYEMI , MR. IBRAHIM HASSAN , Mr. Mobolaji Jubril Lawal , MR. OLABODE AGUSTO , MR. OLUSEGUN AGBAJE , Mr. Olusola Hezekiah Oyinlola , Mrs. Miriam Chidiebele Olusanya  , MRS. OSARETIN AFUSAT DEMUREN , Mrs. Victoria Osondu Adefala  , Ms. Imoni Lolia Akpofure "
62,NGGUINEAINS0,GUINEAINS,,6140000000.0,FINANCIAL SERVICES,"""Insurance Carriers, Brokers a",GUINEA INSURANCE PLC.,Main Board,,1958-12-03T00:00:00,,Insurance: Special Risks and General Insurance Business ,,,,,DCSL  Corporate Services,BDO PROFESSIONAL SERVICES,Cardinal Stone (Registrars) Limited ,"Chidoka Osita, Mohammed Attahir, Samuel Onukwue"
63,NGGUINNESS07,GUINNESS,,2190382819.0,CONSUMER GOODS,Beverages--Brewers/Distillers,GUINNESS NIG PLC,Main Board,1965-01-02T00:00:00,1950-04-29T00:00:00,www.guinness-nigeria.com,"Brewing, packaging, marketing & selling of stout, malta guinness, larger, International Premium spirit and Mainstream Spirit (TBA)",24 OBA AKRAN AVENUE IKEJA LAGOS,23412709100,23412709338,cosecgn@diageo.com,ROTIMI ODUSOLA,PRICEWATERHOUSECOOPERS,VERITAS REGISTRARS LIMITED,
64,NGHONYFLOUR7,HONYFLOUR,,7930197658.0,CONSUMER GOODS,Food Products,HONEYWELL FLOUR MILL PLC,Main Board,2009-10-20T00:00:00,1985-07-09T00:00:00,www.honeywellflour.com,"Manufacturing and Marketing of wheat based products including flour, semolina, whole wheat meal, noodles and pasta","2nd GATE BYE-PASS, TIN CAN ISLAND, APAPA, LAGOS",08080945364,,info@honeywellflour.com,MRS. OLUWAYEMISI BUSARI,BAKER TILLY NIGERIA,FIRST REGISTRARS &amp; INVESTOR SERVICES LIMITED,
65,NGIKEJAHOTL7,IKEJAHOTEL,,2078796399.0,SERVICES,Hotels/Lodging,IKEJA HOTEL PLC,Main Board,2007-09-06T00:00:00,1972-11-18T00:00:00,www.ikejahotelplc.com,Operation of Hotel and Provision of Catering,"84, Opebi Road, Ikeja, Lagos",012701060,,info@ikehotelplc.com,Punuka Nominees Limited,"Ahmed Zakari &amp; Co, Ugochukwu, Ike &amp; Co",Greenwich Registrars &amp; Data Solutions Ltd,
66,NGINFINITY01,INFINITY,,4170455720.0,FINANCIAL SERVICES,"""Mortgage Carriers, Brokers an",INFINITY TRUST MORTGAGE BANK PLC,Main Board,2013-12-11T00:00:00,2002-11-28T00:00:00,www.infinitytrustmortgagebank.com,Mortgage Financing,11 Kaura Namoda Street  Off Faskari Crescent Area 3 Abuja,09087121716,09087121716,info@itmplc.com,Mrs Tolulope Osho,"Aminu Ibrahim and Co, Lanre Abidakun and Co",African Prudential Registrars PLC ,
67,NGINTERLINK3,INTERLINK,,236699521.0,SERVICES,Specialty,INTERLINKED TECHNOLOGIES PLC,Main Board,1993-11-13T00:00:00,1981-11-17T00:00:00,www.interlinkedplc.com,"Developing, Manufacturing and Marketing of Polymeric, Metallic and Porcelain Products","50B, Oladipo Bateye Street, Ikeja GRA, Lagos.",2955585,+234(01)2955014,info@interlinkedplc.com,Chinwe Mbanefo (Inco Services limited),Alatta Nzewi Oyeka&amp;Co(Chatered Accountant),,
68,NGINTBREW005,INTBREW,,26862068550.0,CONSUMER GOODS,Beverages--Brewers/Distillers,INTERNATIONAL BREWERIES PLC.,Main Board,,1971-12-22T00:00:00,www.internationalbreweriesplc.com,"Brewing, Packaging and Marketing of alcoholic and non-alcoholic beverages","Desiderata Building Plot 5A Abuja Street, Banana Island, Ikoyi-Lagos",08129130398,,international.breweries@ng.sabmiller.com,Mr. Muyiwa Ayojimi,"Baker Tilly Nigeria, PriceWaterCoopers",Apel Capital Registrars Limited,Andrew Whiting
69,NGINTENEGIN5,INTENEGINS,,1284085489.0,FINANCIAL SERVICES,"""Insurance Carriers, Brokers a",INTERNATIONAL ENERGY INSURANCE PLC,Main Board,2007-07-13T00:00:00,1969-03-26T00:00:00,www.ieiplc.com,General Insurance Business ,"Plot 294 Jide Oki Street, Victoria Island, Lagos",23412806990,23412705770,info@ieiplc.com,Paul Ekpenisi,BDO Professional Services,"PAC Registrars Ltd, PAC Registrars Ltd",
70,NGJAIZBANK05,JAIZBANK,,29464249300.0,FINANCIAL SERVICES,Banking,JAIZ BANK PLC,Main Board,,2003-04-01T00:00:00,www.jaizbankplc.com,BANKING,"Kano House, Plot 73, Ralph Shodeinde Street, Central Business District, Abuja- FCT",2347080635500,,info@jaizbankplc.com,Mrs. Rukayat O. Salaudeen,Ahmed Zakari &amp;co,Africa Prudential Plc,
71,NGJAPAULOIL4,JAPAULGOLD,,6262701716.0,OIL AND GAS,Energy Equipment and Services,JAPAUL GOLD & VENTURES PLC,Main Board,2005-08-10T00:00:00,1994-06-29T00:00:00,www.japaulgroup.com,"Rendering Maritime Services, Oil and Gas Service, Dredging, Quarry, Transportation, Engineering and Construction","Japaul House, Plot 8, Dr Nurudeen Olowopopo Avevnue, Central Business District, Agidingbi, Ikeja, Lagos",+23418839642,,info@japaulgroup.com,Michael Edeko,PKF Professional Services,Sterling Registrars Ltd,
72,NGJOHNHOLT05,JOHNHOLT,,389151412.0,CONGLOMERATES,Diversified Industries,JOHN HOLT PLC.,Main Board,,1961-08-28T00:00:00,www.jhplc.com,"Sale, Leasing and servicing of Power Equipmentand Motor vehicles and the Distribution of Consumer and other Products","Plot 1609 Adeola Hopewell Street,Victoria Island Lagos",2709283,,nanaedu@jhplc.com,"Mrs. Ada Nwocha, Mrs. Ada Nwocha",BDO Professional Services,Union Registrars Limited,
73,NGJULI000003,JULI,,199905004.0,SERVICES,Food/Drug Retailers and Wholes,JULI PLC.,ASeM,1986-07-11T00:00:00,1972-09-14T00:00:00,www.juliplc.ng, Retail of Pharmaceutical s and Running of Supermarket and Laboratory Services,"19, Kodesoh Street, Ikeja, LAgos State",09090550989,,info@juliplc.ng,Olalekan Yusuf &amp; co (Legal Practitioners &amp; Notary Public),Babayemi Osho &amp; Co,First Registrars Nigeria Limited,
74,NGJBERGER009,JBERGER,,1584000000.0,CONSTRUCTION/REAL ESTATE,Infrastructure/Heavy Construct,JULIUS BERGER NIG. PLC.,Main Board,,1970-02-18T00:00:00,www.julius-berger.com,"Planning, Design and Construction of Civil Engineering and Building works","10, Shettima A. Munguno Crescent",08039067000,096114042,info@julius-berger.com,Cecilia Ekanem Madueke (Mrs),Nexia Agbo Abel &amp; Co      ,Greenwich Registrars &amp; Data Solutions Ltd.,
75,NGWAPCO00002,WAPCO,,16107795496.0,INDUSTRIAL GOODS,Building Materials,LAFARGE AFRICA PLC.,Premium Board,1979-02-17T00:00:00,1959-02-24T00:00:00,www.lafarge.com.ng,Manufacturing and Marketing of Cement and other Building Materials,"27B GERRARD ROAD, IKOYI",2342713990,2342714614,adewunmi.alode@lafargeholcim.com,"Mrs. Adewunmi Alode, Uzoma UJA","AKINTOLA WILLIAMS DELLOITE, KPMG PROFESSIONAL SERVICES",CARDINAL STONE REGISTRARS LIMITED,
76,NGWAPCO00002,WAPCO,,16107795496.0,INDUSTRIAL GOODS,Building Materials,LAFARGE AFRICA PLC.,Premium Board,1979-02-17T00:00:00,1959-02-24T00:00:00,www.lafarge.com.ng,Manufacturing and Marketing of Cement and other Building Materials,"27B, Gerrard Road, Ikoyi, Lagos ",2342713990,2342714614,adewunmi.alode@lafargeholcim.com,"Mrs. Adewunmi Alode, Uzoma UJA","AKINTOLA WILLIAMS DELLOITE, KPMG PROFESSIONAL SERVICES",CARDINAL STONE REGISTRARS LIMITED,
77,NGLASACO0002,LASACO,,1833585855.0,FINANCIAL SERVICES,"""Insurance Carriers, Brokers a",LASACO ASSURANCE PLC.,Main Board,,1979-12-20T00:00:00,www.lasacoassurance.com,All Classes of Insurance Business,"Plot 16, Ame Road Ogba Ikeja Lagos",2120557,,info@lasacoassurance.com,OLUTEKUNBI GERTRUDE KELECHI,BDO Professional Services,"APEL CAPITAL &amp; TRUST  LIMITED, APEL CAPITAL &amp; TRUST  LIMITED",
78,NGLONGMAN007,LEARNAFRCA,,771450000.0,SERVICES,Printing/Publishing,LEARN AFRICA PLC,Main Board,,1961-10-08T00:00:00,www.learnafricaplc.com,"Publishing, Distributing and Marketing of high Quality Educational, Professional, Reference and General Books",FELIX IWEREBON HOUSE,23408055844008,,info@learnafricaplc.com,DCSL Corporate Services Limited (Company Secretary),ERNST &amp; YOUNG (CHARTERED ACCOUNTANT),FIRST REGISTRARS AND INVESTORS SERVICE LIMITED,"ALHAJI HASSAN BALA , CHIEF EMEKE IWEREBON  , HAJIA BINTA BAKARI , MRS CORDELIA OJEILE , MRS YETUNDE AINA "
79,NGLINKASSUR7,LINKASSURE,,9999999994.0,FINANCIAL SERVICES,"""Insurance Carriers, Brokers a",LINKAGE ASSURANCE PLC,Main Board,2003-11-18T00:00:00,1991-03-26T00:00:00,www.linkageassurance.com,Non-life Insurance Business ,Plot 20 Block 94 Providence Street off Adewunmi Adebimpe street Lekki Phase 1,08068555625,,momorogbe@linkageassurance.com,MOSES OMOROGBE,KPMG Professional Services,Centurion Registrars Limited,
80,NGLINKASSUR7,LINKASSURE,,9999999994.0,FINANCIAL SERVICES,"""Insurance Carriers, Brokers a",LINKAGE ASSURANCE PLC,Main Board,2003-11-18T00:00:00,1991-03-26T00:00:00,www.linkageassurance.com,Non-life Insurance Business ,"Plot 20, Block 94, Providence Street, Lekki Phase 1, Lagos",07054492984,,info@linkageassurance.com,MOSES OMOROGBE,KPMG Professional Services,Centurion Registrars Limited,
81,NGLIVESTOCK5,LIVESTOCK,,2999999418.0,AGRICULTURE,Livestock/Animal Specialties,LIVESTOCK FEEDS PLC.,Main Board,1978-04-01T00:00:00,1963-03-20T00:00:00,www.livestockfeedsplc.com,Manufacturing and Marketing of Animal Feeds and Concentrates,"1,Henry Carr Street Ikeja Lagos  Nigeria",017413668,,info@livestockfeedsplc.com,OLOWONONI Olumolawa Winifred,BDO Professional Services(Charted Accountants),"City Securites (Registrars)Limited, City Securites (Registrars)Limited",
82,NGOMOMORBNK6,LIVINGTRUST,,5000000000.0,FINANCIAL SERVICES,"""Mortgage Carriers, Brokers an",LIVINGTRUST MORTGAGE BANK PLC,Growth Board,,1999-03-09T00:00:00,www.livingtrustng.com,MORTGAGE BANKING,"LivingTrust Mortgage Bank Plc. Old Governor Office, Gbongon-Osogbo Road, Osogbo, Osun State.",+2347053757863,,info@livingtrustng.com,OLABISI FAYOMBO c/o Grace and Honey Solicitors,PKF PROFESSIONAL SERVICES,African Prudential Registrars,
83,NGMAYBAKER01,MAYBAKER,,1725234886.0,HEALTHCARE,Pharmaceuticals,MAY & BAKER NIGERIA PLC.,Main Board,1994-11-10T00:00:00,1944-04-09T00:00:00,www.may-baker.com,Manufacturing and Distribution of Pharmaceutical and Consumer goods,"3/5 Sapara Street, Industrial Estate, Ikeja, Lagos",2348032833764,,Financials@may-baker.com,,PKF Professional Services,Veritas Registrars Limited,
84,NGMCNICHOLS7,MCNICHOLS,,326700000.0,CONSUMER GOODS,Food Products,MCNICHOLS PLC,Growth Board,2009-12-18T00:00:00,2004-04-26T00:00:00,www.mcnicholsplc.com,Processing and Packaging of Food and Beverage Products,"7, Jeminat Laalu Street Arepo Near Journalist Estate KM 32 Lagos-Ibadan Expressway Ogun State",08150475075,,mcnicholsinvestors@yahoo.com,S E NOMUOJA &amp; Co,Abraham Shalom &amp; Co   Chartered Accountants,United Securities Limited,"Chimaraoke Ekpe , Nneka Briggs , Olusegun Layode , Onyebuchi Agubesi , Ozurumba Afigbo , VICTOR IYOWUNA BRIGGS       ALTERNATE DIRECTOR"
85,NGMEDVIEW007,MEDVIEWAIR,,9750649400.0,SERVICES,Airlines,MEDVIEW AIRLINE PLC,Main Board,,2004-08-11T00:00:00,www.medviewairline.com,AIRLINE SERVICES,"21, OLOWU STREET, IKEJA, LAGOS",07082543952 ,,info@medviewairline.com,ABDULLAHI ADAM AL-ILORY ESQ.,OLUFEMI FAJUYI &amp; CO,AFRICA PRUDENTIAL REGISTRARS PLC,
86,NGMEYER00006,MEYER,,531237723.0,INDUSTRIAL GOODS,Building Materials,MEYER PLC.,Main Board,,1960-05-20T00:00:00,www.meyerpaints.com,"Manufacturing and Marketing of Premium paints, and Allied Products","No. 32, Billings Way, Oregun, Lagos State",08123438237,,info@meyerpaints.com,"Jane Ijegbulem, KALU O. KALU (MARRIOT SOLICITORS), MRS. IFETOLA FADEYIBI",BDO Professional Services (Chartered Accountants),GREENWICH REGISTRARS &amp; DATA SOLUTIONS LTD,
87,NGMORISON000,MORISON,,989161875.0,HEALTHCARE,Medical Supplies,MORISON INDUSTRIES PLC.,Main Board,,1955-06-29T00:00:00,www.morisonplc.ng,"Production and Marketing of Pharmaceuticals, Hygiene Production ",28/30 MORISON CRESCENT OREGUN INDUSTRIAL AREA IKEJA,08118680526,,miplc@morisonplc.ng,Agbetu Abosede Titilope,BDO PROFESSIONAL SERVICES,Cardinalstone Registrar Limited,
88,NGCHEVRON008,MRS,,304786407.0,OIL AND GAS,Petroleum and Petroleum Produc,MRS OIL NIGERIA PLC.,Main Board,,1969-08-12T00:00:00,www.mrsoilnigeriaplc.net,"Marketing and Distribution of Refined petroleum Products, Blending of Lubricants, and Manufacturing of Greases",MRS OIL NIGERIA PLC,08145664158,,rnze-ekpebie@mrsholdings.com,MRS. O.M. JAFOJO,KPMG Professional Services,"CARDINALSTONE REGISTRARS LIMITED, FIRST REGISTRARS &amp; INVESTOR SERVICES LIMITED",
89,NGMTNN000002,MTNN,,20354513050.0,ICT,Telecommunications Services,MTN NIGERIA COMMUNICATIONS PLC,Premium Board,2019-05-16T00:00:00,2000-11-08T00:00:00,,Telecommunication Services,,,,,Mrs. Uto Ukpanah,Ernst &amp; Young,United Securities Limited,"Dr. Ernest Ndukwe, OFR , Dr. Omobola Johnson , Mr. Abubakar B. Mahmoud SAN, OON , Mr. Andrew Alli , Mr. Jens Schulte-Bockum , Mr. Michael Ajukwu , Mr. Modupe Kadri , Mr. Muhammad K. Ahmad, OON , Mr. Paul Norman , Mr. Ralph Mupita , Mr. Rhidwaan Gasant , Mrs. Ifueko M. Omoigui Okauru, MFR "
90,NGMULTITREX0,MULTITREX,,3722493620.0,CONSUMER GOODS,Food Products,MULTI-TREX INTEGRATED FOODS PLC,Main Board,2010-11-01T00:00:00,1999-10-30T00:00:00,,"Cocoa butter export, cocoa cake export, producing cocoa powder for local consumption, instant chocolate dry-mix and chocolate drink",,,,,Olaniyan &amp; Akindele (Legal Practitioners),,,
91,NGMULTIVERS6,MULTIVERSE,,4261938686.0,NATURAL RESOURCES,Mining Services,MULTIVERSE MINING AND EXPLORATION PLC,Main Board,2008-04-18T00:00:00,2002-06-20T00:00:00,www.multiverseplc.com,"Quarrying and Mining of Precious Stones.e.g.Lead Ore,Barite,Copper, Zinc. etc., ","262A, Corporation Drive, Dolphine Estate, Ikoyi, Lagos",012131828,012131828,info@multiverseplc.com,Equity Union Limited,Sola Oyetayo &amp; Co,,
92,NGMBENEFT000,MBENEFIT,,11172733508.0,FINANCIAL SERVICES,"""Insurance Carriers, Brokers a",MUTUAL BENEFITS ASSURANCE PLC.,Main Board,2002-05-28T00:00:00,1995-04-18T00:00:00,www.mutualngcom,General Insurance and Life Business ,"ARET ADAMS HOUSE,233, IKORODU ROAD,ILUPEJU,LAGOS","08191471029, ",,info@mutualng.com,ABDULAI TAIWO &amp; CO,BDO PROFESSIONAL SERVICES(CHARTERED ACCOUNTANT),MERISTEM REGISTRARS LIMITED,FEMI ASENUGA
93,NGNNFM000008,NNFM,,178200000.0,CONSUMER GOODS,Food Products,N NIG. FLOUR MILLS PLC.,Main Board,,1971-10-29T00:00:00,,Flour Milling ,,,,,,,,
94,NGNASCON0005,NASCON,,2649438378.0,CONSUMER GOODS,Food Products,NASCON ALLIED INDUSTRIES PLC,Main Board,1992-10-20T00:00:00,1973-04-30T00:00:00,,Processing of Raw  Salt into Edible Salt and importation of Tomato Paste,,,,,,Akintola Williams Deloitte,,
95,NGNCR0000008,NCR,,108000000.0,ICT,IT Services,NCR (NIGERIA) PLC.,Main Board,,1949-12-09T00:00:00,,Sales and Service of Information Technology Solutions and the Sale of Computer Consumables,"ST NICHOLAS HOUSE (10TH FLOOR) CATHOLIC MISSION STREET, LAGOS ISLAND LAGOS",14622307,,ALSECLawyers@uubo.org,ALSEC NOMINEES LIMITED, Ernst &amp; Young,Apel Capital &amp; Trust Limited,
96,NGNCR0000008,NCR,,108000000.0,ICT,IT Services,NCR (NIGERIA) PLC.,Main Board,,1949-12-09T00:00:00,www.ncr.com,Sales and Service of Information Technology Solutions and the Sale of Computer Consumables,"6, Broad Street",2793970,,info@ncr.com.ng,ALSEC NOMINEES LIMITED, Ernst &amp; Young,Apel Capital &amp; Trust Limited,
97,NGNEIMETH001,NEIMETH,,1899157108.0,HEALTHCARE,Pharmaceuticals,NEIMETH INTERNATIONAL PHARMACEUTICALS PLC,Main Board,1979-09-21T00:00:00,1957-08-13T00:00:00,www.neimethplc.com.ng,"Manufacturing & Marketing of Pharmaceuticals, Animal Health Products and general healthcare products.","1, Henry Carr Street, Ikeja Industrial Estate,Ikeja,Lagos.",08033128663,,info@neimethplc.com.ng,"Mrs F. I. Onyenekwe, Mrs. Florence I. Onyenekwe","PKF Professional Services, PKF Professional Services","Meristem Registrars and Probate Services Ltd, Meristem Registrars Limited",
98,NGNEIMETH001,NEIMETH,,1899157108.0,HEALTHCARE,Pharmaceuticals,NEIMETH INTERNATIONAL PHARMACEUTICALS PLC,Main Board,1979-09-21T00:00:00,1957-08-13T00:00:00,www.neimethplc.com.ng,"Manufacturing & Marketing of Pharmaceuticals, Animal Health Products and general healthcare products.","16, Doherty Akanni Layout (Billings Way), Oregun Industrial Estate, Oregun",08033128663,,info@neimethplc.com.ng,"Mrs F. I. Onyenekwe, Mrs. Florence I. Onyenekwe","PKF Professional Services, PKF Professional Services","Meristem Registrars and Probate Services Ltd, Meristem Registrars Limited",
99,NGNEM0000005,NEM,,10032955535.0,FINANCIAL SERVICES,"""Insurance Carriers, Brokers a",NEM INSURANCE PLC,Main Board,1990-09-05T00:00:00,1970-04-02T00:00:00,,General Insurance Business ,,,,,,,,
100,NGNESTLE0006,NESTLE,,792656252.0,CONSUMER GOODS,Food Products--Diversified,NESTLE NIGERIA PLC.,Main Board,1979-04-20T00:00:00,1969-09-25T00:00:00,www.nestle-cwa.com/en/investors/nigeria,"Manufacturing, Marketing and Distribution of food Products.","22-24 Industrial Avenue, Ilupeju, Lagos",23414607600,0292002173F4KD5E5347,Shareholders.Enquiries@ng.nestle.com,"Mr. Bode Ayeku, FCIS",Akintola Williams Deloitte,"GTL Registrars Limited, GTL Registrars Limited",
101,NGNIGERINS04,NIGERINS,,7739479368.0,FINANCIAL SERVICES,"""Insurance Carriers, Brokers a",NIGER INSURANCE PLC,Main Board,,1962-08-29T00:00:00,www.nigerinsurance.com,Life and General Insurance Business ,"Niger Insurance Plaza,48/50,odunlami street,Lagos",018720344  ,01-263231,info@nigerinsurance.com,TOLG NOMINEES,SIAO,MERISTEM REGISTRARS AND PROBATES SERVICES LTD,
102,NGNESF000003,NESF,,745950.0,FINANCIAL SERVICES,Other Financial Institutions,NIGERIA ENERYGY SECTOR FUND,Real Estate Investment Trust & Close End Fund,1999-06-18T00:00:00,1998-10-26T00:00:00,,Closed-end fund focused on the Energy Sector,,,,,,,,
103,NGNIGGERMAN3,NIG-GERMAN,,153786012.0,HEALTHCARE,Pharmaceuticals,NIGERIA-GERMAN CHEMICALS PLC.,Main Board,,1964-01-10T00:00:00,,"Manufacturing, Marketing/Sales & Distribution of Pharmaceutical health products, household consumer products and oilfield chemical.",,,,,,,,
104,NGNAHCO00008,NAHCO,,1624218750.0,SERVICES,Transport-Related Services,NIGERIAN AVIATION HANDLING COMPANY PLC,Main Board,2006-11-27T00:00:00,2005-04-08T00:00:00,www.nahcoaviance.com,"Provision of Aircraft, Passenger and Cargo Handling Services and Other related Services to Airline Operators","nahco aviance House, Murtala Muhammed Airport, Ikeja, Lagos",7306875,,info@nahcoaviance.com,,Horwath Dafinone Chartered Accountants,,
105,NGNB00000005,NB,,7996902051.0,CONSUMER GOODS,Beverages--Brewers/Distillers,NIGERIAN BREW. PLC.,Main Board,1973-09-05T00:00:00,1946-11-16T00:00:00,www.nbplc.com,"Brewing and Marketing of Lager Beer, Stout and Non-Alcoholic","Legal Department, Iganmu House, Abebe Village Road, Iganmu, Lagos",012717400,012717424,info@nbplc.com,Uaboi G. AGBEBAKU,Deloitte &amp; Touche,First Registrars and Investor Services Limited,
106,NGENAMELWA03,ENAMELWA,,76032000.0,CONSUMER GOODS,Household Durables,NIGERIAN ENAMELWARE PLC.,Main Board,,1960-05-21T00:00:00,wempco@wempco.com,Manufacturing and Marketing of Enamelware and Plastic Products,"18 Wempco Road, Ogba - Ikeja Lagos",08033377285,"4920257, 4920253",accounting@wempco.com,Bamofin Olatokunbo Sanni,Akintola Williams Deloitte,"GTL Rgistrars, Union Registrars","AaRE HADJI TOKUNBO ALLI , ALHAJI CHIEF M. A. OLA YUSUF , MR KAY FUNG TUNG , MR LEWIS TUNG , MR PAUL TUNG , MR PHILLIP TUNG "
107,NGNOTORE0002,NOTORE,,1612066200.0,INDUSTRIAL GOODS,AGRO-ALLIED & CHEMICALS,NOTORE CHEMICAL IND PLC,Main Board,2018-08-02T00:00:00,2005-11-30T00:00:00,www.notore.com,Agro-allied and chemical,"Notore Industrial Complex, Onne, Rivers State, Nigeria",09087794763,,info@notore.com,Mrs. Otivbo Saleh,PricewaterhouseCoopers,DataMax Registrars Limited,
108,NGNPFMCRFBK0,NPFMCRFBK,,2286637766.0,FINANCIAL SERVICES,Micro-Finance Banks,NPF MICROFINANCE BANK PLC,Main Board,2010-12-01T00:00:00,1993-05-19T00:00:00,www.npfmicrofinancebank.com,Microfinance Bank,"Aliyu Atta House, 1, Ikoyi Road, Obalende",07029903151,,info@npfmicrofinancebank.com,Mrs. Osaro Josephine Idemudia,KPMG Professional Services,CARDINALSTONE REGISTRARS LTD,
109,NGOANDO00002,OANDO,,12431412481.0,OIL AND GAS,Integrated Oil and Gas Service,OANDO PLC,Main Board,1992-02-24T00:00:00,1969-08-25T00:00:00,www.oandoplc.com,"Exploration and Production and Energy Services. Gas and Power,Marketing, Supply and Trading and Refinning and Terminal","The Wings Office Complex, 17a Ozumba Mbadiwe Avenue,Victoria Island, Lagos",2702400,,info@oandoplc.com,Ms Ayotola Jagun,EYNIGERIA,First Registrars Nigeria Limited ,
110,NGOKOMUOIL00,OKOMUOIL,,953910000.0,AGRICULTURE,Crop Production,OKOMU OIL PALM PLC.,Main Board,1997-09-09T00:00:00,1979-12-03T00:00:00,www.okomunigeria.com,"Development of Oil and Rubber Plantations. Palm oil Milling, Palm Kernel Processing and Sale of Wet Cup Lumps","The Okomu Oil Palm Company Plc, Okomu-Udo, Ovia South West L.G.A Edo State, Nigeria",+2348057930488,,compsec@okomunigeria.com,P C Obi &amp; Co represented by Chibuike Odim Onwusoro,Crowe Dafinone,Cardinastone (Registrars) Limited,
111,NGOMATEX0001,OMATEK,,2941789472.0,ICT,Computers and Peripherals,OMATEK VENTURES PLC,Main Board,,1998-07-06T00:00:00,http//www.omatek.ng,"Assembling, Sales and Manitenance of Computers, Inverters and Solar Power Products","Head OFFICE: 11, Kudirat Abiola Road, (formerly Oregun Road) Ikeja, Lagos Nigeria.",+2348033081736,,yemi.ogundipe@omatekcomputers.com,,Olaolu Olabintan &amp; Co (Chartered Accountants),Carnation Registrars Limited,
112,NGPZ00000005,PZ,,3970477045.0,CONSUMER GOODS,Personal/Household Products,P Z CUSSONS NIGERIA PLC.,Main Board,,1948-04-12T00:00:00,https://www.pzcussons.com/nigeria/,"Manufacture and Distribution of Personal Care, Home Care and Electricals ","45/47, Town Planning way Ilupeju",+234012717153,01-2702876,jacqueline.ezeokwelume@pzcussons.com,Mrs Jaqueline Ezeokwelume,Deloitte &amp; Touche,First Registrars &amp; Investor Services Limited,
113,NGPHARMDEKO7,PHARMDEKO,,216820448.0,HEALTHCARE,Pharmaceuticals,PHARMA-DEKO PLC.,Main Board,,1969-04-18T00:00:00,www.pharmadekoplc.com,Manufacturing and Marketing of Pharmaceutical & Consumer Products,"Plot C1/1, Agbara Industrial Estate, Agbara, Ogun State",012954606,,info@pharmadekoplc.com,UNITY TRUSTEES LIMITED,SIAO (Chartered Accountants),Apel Capital &amp; Trust Limited,
114,NGPORTPAINT6,PORTPAINT,,793415535.0,INDUSTRIAL GOODS,Building Materials,PORTLAND PAINTS & PRODUCTS NIGERIA PLC,Main Board,2009-07-09T00:00:00,1985-09-03T00:00:00,http://www.portlandpaintsng.com/,"Manufacturing Decorative, Industrial and machine Paints Manufacturing Road Repair Materials Merchandising Bathrooms Construction and Renovation Services","Sandtex House, 105A, Adeniyi Jones Avenue, Ikeja. Lagos State",08177290233,,customerservice@portlandpaintsng.com,Ms. Ayomipo Wey,"Ernst &amp; Young, PricewaterhouseCoopers",Africa Prudential Plc,
115,NGPORTPAINT6,PORTPAINT,,793415535.0,INDUSTRIAL GOODS,Building Materials,PORTLAND PAINTS & PRODUCTS NIGERIA PLC,Main Board,2009-07-09T00:00:00,1985-09-03T00:00:00,www.portlandpaintsng.com,"Manufacturing Decorative, Industrial and machine Paints Manufacturing Road Repair Materials Merchandising Bathrooms Construction and Renovation Services","Elephant House, Alausa",7740413,3451927,jedebiri@portlandpaintsng.com,Ms. Ayomipo Wey,"Ernst &amp; Young, PricewaterhouseCoopers",Africa Prudential Plc,
116,NGPREMPAINT2,PREMPAINTS,,123000000.0,INDUSTRIAL GOODS,Building Materials,PREMIER PAINTS PLC.,Main Board,1995-03-07T00:00:00,1982-08-24T00:00:00,www.premierpaintsplc.com,"Production and Marketing of Paint Products such as Wood finishes, decorative, industrial coatings and auto refinishes","KM 2, IFO -  IBOGUN ROAD, IFO, OGUN STATE",08051199620,49197,info@premierpaintsplc.com; mathew.eledan@premierpaintsplc.com,Mrs. Fatima Lawal,Ernst &amp; Young (Chartered Accountants),City Securities (Registrars) Limited,
117,NGPRESCO0005,PRESCO,,1000000000.0,AGRICULTURE,Crop Production,PRESCO PLC,Main Board,2002-10-10T00:00:00,1991-09-24T00:00:00,www.presco-plc.com,Palm Plantation and Processing,"Obaretin Estate, Km 22, Benin Sapele Road, Ikpoba/Okha LGA, Edo State, Nigeria",+2348034134444,+32 (0) 23739232,presco@siat-group.com,"Patrick Idibieadi Kenneth Uwadia, Esq.",AKINTOLA WILLIAMS DELOITTE,First Registrars &amp; Investor Services Limited,"AIGUOBASINMWIN OGIE AKENZUA, BASSEY EDEM OROK  EDEM, JAMES BUKOHWO ERHUERO, NONYE UDO, OSA OSUNDE, PAUL ANTOON L.  CARDOEN"
118,NGPRESTIGE00,PRESTIGE,,13252561890.0,FINANCIAL SERVICES,"""Insurance Carriers, Brokers a",PRESTIGE ASSURANCE PLC,Main Board,1990-12-03T00:00:00,1970-01-06T00:00:00,wwwprestigeassuranceplc.com,Non-Life Insurance Business,19 LIGALI AYORINDE STREET VICTORIA ISLAND LAGOS,2347098820692,23412713712,info@prestigeassuranceplc.com,Abayomi Odulana,Ernst &amp; young,,"Adedoyin Salami, Anjay Dey, Atul Sahai, Funmi Oyetunji, Gopalan Raghu, Olakunle Oyegunle, Sarbeswar Sahoo"
119,NGRTBRISCOE9,RTBRISCOE,,1176356880.0,SERVICES,Automobile/Auto Part Retailers,R T BRISCOE PLC.,Main Board,1974-03-15T00:00:00,1957-03-09T00:00:00,www.rtbriscoe.com,"Sales and Service of Toyota and Ford Motor Vehicle and Technical Equipment,Mining and Drilling Equipment and Generating Sets","18 Fatai Atere Way, Matori-Mushin, Lagos",+23412790757,+23412793216,briscoemail@rtbriscoe.com,Olukayode Adeoluwa &amp; Co.,Akintola Williams Deloitte (Chartered Accountants),Meristem Registrars and Probate Services Limited,
120,NGRAKUNITY02,RAKUNITY,,56624533.0,OIL AND GAS,Petroleum and Petroleum Produc,RAK UNITY PET. COMP. PLC.,ASeM,,1982-12-20T00:00:00,,Marketing of Petroleum Products,"BLOCK 5, WATER CORPORATION ROAD, IJORA GRA LAGOS",2704833,,info@rakunity.com,ALSEC NOMINEES LIMITED,Akintola Williams Delloitte,FIRST REGISTRARS NIGERIA LIMITED,
121,NGREDSTAREX9,REDSTAREX,,926352051.0,SERVICES,Courier/Freight/Delivery,RED STAR EXPRESS PLC,Main Board,2007-11-14T00:00:00,1992-07-10T00:00:00,www.redstarplc.com,"Courier Services, Freight Services, Logistics, warehousing and General Haulage ","70 International Airport Road, Lagos",2715670,4976612,enquiries@redstarplc.com,Frances Ndidi Akpomuka,Ernst &amp; Young,United Securities Limited,
122,NGREGALINS04,REGALINS,,6668750000.0,FINANCIAL SERVICES,"""Insurance Carriers, Brokers a",REGENCY ASSURANCE PLC,Main Board,,1993-06-16T00:00:00,www.regencyalliance.com,General Insurance Business,"2EBUN STREET GBAGADA ESTATE,LAGOS",08053499073,REGENCY ALLIANCE INSURANCE PLC. 029200357C5T3AH2F910,info@regencyalliance.com,ANU SHOBO,TAC PROFESSIONAL SERVICES,Meristem Registrars Limited,
123,NGRESORTSAL1,RESORTSAL,,11329732404.0,FINANCIAL SERVICES,"""Mortgage Carriers, Brokers an",RESORT SAVINGS & LOANS PLC,Main Board,,1992-06-17T00:00:00,www.resortng.com,Provision of Mortgage Banking and other BANKING to corproate and individual customers ,"25 OLOWU STREET, OFF OBAFEMI AWOLOWO WAY, IKEJA,  LAGOS",234014622081,23401462 2083,resort@resortng.com,S. E. NOMUOJA &amp; CO ,BBC Professional,Africa Prudential Registrars Plc,
124,NGROADS00004,ROADS,,25000000.0,CONSTRUCTION/REAL ESTATE,Infrastructure/Heavy Construct,ROADS NIG PLC.,Main Board,,1974-10-11T00:00:00,,"Building & Civil Engineering Contractors, Construction of Roads, Bridges, Airfield and Dams",,,,,,,,
125,NGROYALEX007,ROYALEX,,5145370074.0,FINANCIAL SERVICES,Other Financial Institutions,ROYAL EXCHANGE PLC.,Main Board,1990-12-03T00:00:00,1921-02-28T00:00:00,www.royalexchangeplc.com,"General Business, Healthcare Insurance, Life Assurance, Finance & Investment, Microfinance Banking and Wealth Management","New Africa House, 31 Marina, Lagos",7611150,,info@royalexchangeplc.com,Ms. Sheila Ezeuko,"Akintola Williams Deloitte, KPMG Professional Services",City Securities (Registrars) Limited,
126,NGSCOA000009,SCOA,,649825665.0,CONGLOMERATES,Diversified Industries,S C O A  NIG. PLC.,Main Board,,1969-06-24T00:00:00,www.scoaplc.com,"Automobile Sales, Maintenance, distribution and Leasing, Manufacturing, Technical Sales and Services, General Merchandising, Power Generation, Furniture and Agriculture, Production of foods and fruit juices","157, APAPA/OSHODI EXPRESSWAY, ISOLO",08023085561,01-4521683,cs@scoaplc.com,MICHAEAL ADEKUNLE ADEYEMI,ERNST &amp; YOUNG,AFRICA PRUDENTIAL REGISTRARS PLC,
127,NGNSLTECH006,NSLTECH,,5631540000.0,SERVICES,Specialty,SECURE ELECTRONIC TECHNOLOGY PLC,Main Board,,2000-01-03T00:00:00,www.setplc.com,"Operations of Lottery Business, AirtimeVending Revenue Colelction, Card Payments and treasury/Assets Management","107 , BAMGBOSE STREET, LAGOS ISLAND, LAGOS STATE",2348168061026,,info@setplc.com,IMMACULATA AMAKA MBASO,SULAIMON &amp; CO,PAC REGISTRARS LIMITED,
128,NGSEPLAT0008,SEPLAT,,588444561.0,OIL AND GAS,Exploration and Production,SEPLAT PETROLEUM DEVELOPMENT COMPANY PLC,Premium Board,,2009-06-17T00:00:00,www.seplatpetroleum.com,PETROLEUM EXPLORATION AND PRODUCTION,"16a Temple Road (Olu Holloway) Ikoyi, Lagos.",012770400,029200711C4S4CB2E982,info@seplatpetroleum.com,Mrs. Edith Onwuchekwa,Messrs Ernst &amp; Young Nigeria,DataMax Registrars Limited,"AMBROISE BRYANT CHUKWUELOKA  ORJIAKO, ARUNMA OTEH, OON, AUSTIN AVURU, BASIL OMIYI, CHARLES OKEAHALAM, DAMIAN DODO, SAN, EFFIONG OKON, EMEKA ONWUKA, MARK MALLOCH-BROWN, NATHALIE DELAPALME, OLIVIER DE LANGAVANT, ROGER  BROWN, XAVIER ROLET, KBE"
129,NGSKYESHELT8,SFSREIT,,20000000.0,CONSTRUCTION/REAL ESTATE,Real Estate Investment Trusts,SFS REAL ESTATE INVESTMENT TRUST,Real Estate Investment Trust & Close End Fund,,,sfsreit.com,Closed-ended Real Estate Investment Trust (REIT),287 Ajose Adeogun street,07017306316,,sfsreit@sfsnigeria.com,,Dele Olufon &amp; Co,,
130,NGSKYESHELT8,SFSREIT,,20000000.0,CONSTRUCTION/REAL ESTATE,Real Estate Investment Trusts,SFS REAL ESTATE INVESTMENT TRUST,Real Estate Investment Trust & Close End Fund,2008-02-26T00:00:00,,,Closed-ended Real Estate Investment Trust (REIT),,,,,,,,
131,NGSKYAVN0003,SKYAVN,,1353580000.0,SERVICES,Transport-Related Services,SKYWAY AVIATION HANDLING COMPANY PLC,Main Board,2019-04-26T00:00:00,2009-04-22T00:00:00,www.sahcoplc.com,Aviation Support Services,"SAHCO Complex, Cargo Terminal, Murtala Muhammed International Airport.",+2348155553455,,info@sahcoplc.com,Omolara Bello,Gbenga Badejo &amp; Co. (Chartered Accountants),First Registrars &amp; Investor Services Limited.,
132,NGSMURFIT002,SMURFIT,,45000000.0,CONSTRUCTION/REAL ESTATE,Property Management,SMART PRODUCTS NIGERIA PLC,ASeM,,1966-11-01T00:00:00,www.smartproductsnig.com  ,PROPERTY LETTING,"373, AGEGE MOTOR ROAD, CHALLENGE MUSHIN, LAGOS",08034538706,,smartproductsnigplc@yahoo.com,,BAKER TILLY NIGERIA,,
133,NGSOVRENINS5,SOVRENINS,,11364466014.0,FINANCIAL SERVICES,"""Insurance Carriers, Brokers a",SOVEREIGN TRUST INSURANCE PLC,Main Board,2006-11-29T00:00:00,1980-02-26T00:00:00,www.stiplc.com,General Insurance Business,"17, Adetokunbo Ademola Street, Victoria Island, Lagos",23414615006,,enquiries@stiplc.com,EQUITY UNION LIMITED,ERNST &amp; YOUNG ,Meristem Registrars Limited,
134,NGSTACO00002,STACO,,9341087609.0,FINANCIAL SERVICES,"""Insurance Carriers, Brokers a",STACO INSURANCE PLC,Main Board,,1991-07-10T00:00:00,www.stacoplc.com,General Insurance & Special Risk,"209, Herbert Macaulay Way, Yaba, Lagos",2348150970457,3425466,info@stacoplc.com,TAIWO OGUNBAJO,ABAYOMI DOSUNMU &amp; CO,FIRST REGISTRARS NIGERIA LIMITED,
135,NGSTANBIC003,STANBIC,,11105997568.0,FINANCIAL SERVICES,Other Financial Institutions,STANBIC IBTC  HOLDINGS PLC,Main Board,2012-11-23T00:00:00,2012-03-14T00:00:00,www.stanbicibtc.com,Financial Services,"I.B.T.C. Place, Walter Carrignton Crescent, Victoria Island, Lagos, Nigeria",23414488900,23412806998,chidi.okezie@stanbicibtc.com,Chidi Okezie,KPMG Professional Services,First Registrars Nigeria Ltd,Demola  Sogunle
136,NGSTDINSURE7,STDINSURE,,12911030586.0,FINANCIAL SERVICES,"""Insurance Carriers, Brokers a",STANDARD ALLIANCE INSURANCE PLC.,Main Board,2003-12-19T00:00:00,1981-07-28T00:00:00,www.sainsuranceng.com,Composite (Life & Non-Life Insurance Businesses),"Plot 1, block 94, providence Street, Lekki Phase 1, Lekki, Lagos",0700467872623,,info@sainsuranceng.com,URUEMUESIRI OGHEN,BDO Professional Services,First Registrars &amp; Investor Services Limited,
137,NGSTERLNBNK7,STERLNBANK,,28790418126.0,FINANCIAL SERVICES,Banking,STERLING BANK PLC.,Main Board,1993-08-17T00:00:00,1960-11-25T00:00:00,www.sterling.ng,Commercial Banking,"Sterling Towers, 20 Marina, Lagos",7003270,,customercare@sterling.ng,Mrs Temitayo Adegoke,"Deloitte &amp;Touche, Ernst &amp; Young",Pace Registrars Limited,
138,NGSTUDPRESS1,STUDPRESS,,594885713.0,SERVICES,Printing/Publishing,STUDIO PRESS (NIG) PLC.,Main Board,1979-09-13T00:00:00,1965-07-09T00:00:00,www.studio-press.net,"Lithograghic Printing, Manufacturing of Cartoons, light packaging Materials like Labels and Flexo Printing ","ISRAEL ADEBAJO CLOSE, INDUSTRIAL ESTATE, IKEJA, LAGOS.",23417930001,STUDIO PRESS NIGERIA PLC 029200485E7OF4H75E77   ,mail@studio-press.net,CAUTIOUS SERVICES LIMITED,Ernst &amp; Young ,STERLING REGISTRARS LIMITED,Bamidele Bello
139,NGSUNUASSUR6,SUNUASSUR,,5810800000.0,FINANCIAL SERVICES,"""Insurance Carriers, Brokers a",SUNU ASSURANCES NIGERIA PLC.,Main Board,,1984-12-13T00:00:00,www.sunu-group.com,General Insurance,"Plot, 1196, Bishop Oluwole Street, Victoria Island, Lagos",012802012,029200853F4O4D5E7E34,nigeria@sunu-group.com,JOHN AKUJIEZE,SIAO PARTNERS,EDC REGISTRARS LIMITED,
140,NGTANTALIZE1,TANTALIZER,,3211627907.0,SERVICES,Hospitality,TANTALIZERS PLC,Main Board,,1997-05-04T00:00:00,,Manufacturing and Sale of food and Drinks,,,,,,Farinde Olateju &amp; co,,
141,NGINITSPLC05,INITSPLC,,889981552.0,SERVICES,Waste Management,THE INITIATES PLC,Growth Board,2016-10-25T00:00:00,1995-03-03T00:00:00,www.initiatesgroup.com,WASTE MANAGEMENT,"PLOT 400,LOCATION(NEW) ROAD, OFF ABA/PH EXPRESSWAY BY OYIGBO JUNCTION, UMUEBULE 5",084669510,,wms@initiatesgroup.com,OLAIDE ODEJOBI,"Madu,Onyekwena&amp;Co.",APEL CAPITAL AND REGISTRARS LIMITED,
142,NGTHOMASWY07,THOMASWY,,220000000.0,NATURAL RESOURCES,Paper/Forest Products,THOMAS WYATT NIG. PLC.,Main Board,1978-10-26T00:00:00,1948-03-18T00:00:00,www.thomaswyattplc.com,"Manufacturing and Distribution of school exercise books, hard cover note books and pads, drawing books, envelopes, etc","10, Abebe Village Road, Iganmu, Lagos",017613397,,corporateservices@thomaswyattplc.com,Doris Aidoghie,BBC Professionals,MERISTEM REGISTRARS LIMITED ,
143,NGTOTAL00001,TOTAL,,339521837.0,OIL AND GAS,Petroleum and Petroleum Produc,TOTAL NIGERIA PLC.,Main Board,,1956-01-06T00:00:00,www.total.com.ng,Marketing of Petroleum Products,"Total House 4 Churchgate Street, Victoria Island, Lagos",014631681,014619185,info@total.com.ng,Bunmi Popoola-Mordi,KPMG Professional Services,CardinalStone Registrars Limited,
144,NGTOURIST009,TOURIST,,2246437472.0,SERVICES,Hotels/Lodging,TOURIST COMPANY OF NIGERIA PLC.,Main Board,,1964-10-04T00:00:00,,"Operation of Hotel, Casino and  the provision of Catering Service",,,,,,KPMG Professional Services,,
145,NGTRANSEXPR4,TRANSEXPR,,468847132.0,SERVICES,Courier/Freight/Delivery,TRANS-NATIONWIDE EXPRESS PLC.,Main Board,1992-09-07T00:00:00,1984-03-28T00:00:00,www.tranex-ng.com,Courier and Associated Services,"PLOT 28, OSHODI / APAPA EXPRESSWAY, OSHODI, LAGOS","09095270137,08025697917,07046182356,0812368257309070360002",,finance@tranex-ng.com,CAUTIOUS SERVICES LIMITED,HLB Z.O. OSOSANYA &amp; CO (CHARTERED ACCOUNTANTS),CARDINALSTONE REGISTRARS LIMITED,
146,NGTRANSHOTL1,TRANSCOHOT,,10242528411.0,SERVICES,Hotels/Lodging,TRANSCORP HOTELS PLC,Main Board,2015-01-15T00:00:00,1994-07-12T00:00:00,,HOSPITALITY AND TOURISM,,,,,,,,
147,NGTRANSCORP7,TRANSCORP,,40647990293.0,CONGLOMERATES,Diversified Industries,TRANSNATIONAL CORPORATION OF NIGERIA PLC,Main Board,,2004-11-16T00:00:00,www.transcorpnigeria.com,"The investment in and operation of portfolio of companies in hospitality, energy, agriculture, oil and gas sectors","38, Glover Road (formerly 22B), Ikoyi, Lagos",019033946,,info@transcorpnigeria.com,Chinedu N. Eze,PricewaterhouseCoopers,Africa Prudential Registrars,
148,NGTRIPPLEG04,TRIPPLEG,,494954000.0,ICT,IT Services,TRIPPLE GEE AND COMPANY PLC.,Main Board,,1980-04-14T00:00:00,www.tripplegee.ng,"Printers of Security Documents, Financial Instruments, Computer Stationery, Self Adhesive Labels and Telephone Recharge Cards","9  KAREEM GIWA STREET, ABULE OSUN. LAGOS",08055190722,,contact@tripplegee.com,"ADENIKE ONASANYA, LIVINGSTONE ATTORNEYS, MELVINE NOMINEES NIG LTD",OLUSOLA OLOJEDE &amp; CO,GTL REGISRARS LTD,
149,NGUACN000006,UACN,,2881296580.0,CONGLOMERATES,Diversified Industries,U A C N  PLC.,Main Board,,1931-04-22T00:00:00,www.uacnplc.com,"Foods, Real Estate, Logistics and Paints","UAC House 1-5 Odunlami Street, Lagos",08035739791,0292002296E7G4H6E736,info@uacnplc.com,Godwin Samuel ,"PricewaterhouseCoopers , PricewaterhouseCoopers "," Africa Prudential Registrars Plc , UAC Registrars Limited",
150,NGUACPROP006,UAC-PROP,,18559969936.0,CONSTRUCTION/REAL ESTATE,Real Estate Development,UACN PROPERTY DEVELOPMENT COMPANY PLC,Main Board,,1997-10-06T00:00:00,www.updcplc.com,"Acquisition, development, sales and management of high quality, serviced, commercial and residential properties in the luxury, premium and classic segments of the real estate market","UAC House, 1st Floor, 1-5, OdunlamiStreet, Lagos",+2348060010707,,fkalaro@updcplc.com,Folake Kalaro,PricewaterhouseCoopers Chartered Accountants,uac registrar limited,
151,NGUNIC000008,UNIC,,2582296000.0,FINANCIAL SERVICES,"""Insurance Carriers, Brokers a",UNIC DIVERSIFIED HOLDINGS PLC.,Main Board,,1965-04-02T00:00:00,,"General, Life and health Insurance Business including BANKING",,,,,,,,
152,NGUNILEVER07,UNILEVER,,5745005417.0,CONSUMER GOODS,Personal/Household Products,UNILEVER NIGERIA PLC.,Main Board,1973-04-01T00:00:00,1923-11-04T00:00:00,www.unilevernigeria.com,"Manufacturing and Marketing of  consumer goods in the Foods & Refreshments, Home Care, and Beauty & Personal Care categories ","1 Billingsway Oregun, Ikeja, Lagos",2793000,,Bidemi.Ademola@unilever.com,Abidemi Ademola (Mrs),KPMG Professional Services,Greenwich Registrars and Data Solutions Ltd.,"Jaime  Aguilera, Michael Ikpoki"
153,NGUBN0000004,UBN,,29120752788.0,FINANCIAL SERVICES,Banking,UNION BANK NIG.PLC.,Main Board,,1969-05-30T00:00:00,www.unionbankng.com,Commercial Banking,Stallion Plaza 36 Marina Lagos ,23412716800,,investorrelations@unionbankng.com,Somuyiwa Adedeji Sonubi,"Ernst &amp; Young, KPMG Professional Services",CardinalStone Registrars Limited,"Adekunle SONOLA, Emeka OGBECHIE, Emeka Emuwa, Emeka OKONKWO, Ian CLYNE, Joseph MBULU, Kenroy DOWERS, Mark PATTERSON, Obafunke ALADE-ADEYEFA, Omolola CARDOSO, Paul KOKORICHA, Richard BURRETT, Taimoor LABIB"
154,NGUNIONDAC06,UNIONDAC,,3553138530.0,HEALTHCARE,Healthcare Providers,UNION DIAGNOSTIC & CLINICAL SERVICES PLC,Main Board,,1999-03-16T00:00:00,www.uniondiagnostic.com.ng,Diagnostic & Clinical ,"NO 5, ELETU OGABI STREET, VICTORIA ISLAND, LAGOS.",012805577,,info@uniondiagnostic.com.ng,MR IROYE OPEYEMI SAMUEL,EJIGEME ANDREW &amp; CO.,FIRST REGISTRARS NIGERIA LTD,
155,NGUNIONDICO1,UNIONDICON,,273338776.0,CONSUMER GOODS,Food Products,UNION DICON SALT PLC.,Main Board,1993-09-23T00:00:00,1991-11-12T00:00:00,www.udsplc.com,Processing of Crude Salt,"Kirikiri Lighter Terminal, Phase 2, Kirikiri, Lagos",08034917292,,info@udsplc.com,Mrs Florence Iroye,BDO Professional Services,Centurion Registrars Limited,
156,NGUHOMREIT06,UHOMREIT,,250019781.0,CONSTRUCTION/REAL ESTATE,Real Estate Investment Trusts,UNION HOMES REAL ESTATE INVESTMENT TRUST (REIT),Real Estate Investment Trust & Close End Fund,2008-02-05T00:00:00,,www.unionhomesreit.com,REAL ESTATE INVESTMENT ,32 Awolowo Road ikoyi Lagos,08053159603,,info@unionhomesreit.com,,Baker Tilly Nigeria (Chartered Accountants),GTL Registrars,
157,NGUNHOMES007,UNHOMES,,976562505.0,FINANCIAL SERVICES,"""Mortgage Carriers, Brokers an",UNION HOMES SAVINGS AND LOANS PLC.,Main Board,2006-04-24T00:00:00,1992-11-06T00:00:00,www.unionhomes.com.ng,Mortgage Banking,153 Ikorodu Road Onipanu Lagos,08023083004,,cogeorge@unionbankng.com,Carol George,KPMG Professional Services,Union Registrars Limited,
158,NGUBA0000001,UBA,,34199421368.0,FINANCIAL SERVICES,Banking,UNITED BANK FOR AFRICA PLC,Premium Board,1970-03-31T00:00:00,1961-02-23T00:00:00,www.ubagroup.com,Commercial Banking,"57 Marina, Lagos",23416319822,23412808448,CFC@ubagroup.com,BILI ANDREW ODUM,PricewaterhouseCoopers,AFRICA PRUDENTIAL REGISTRARS,"AMB. JOE KESHI (OON) , High Chief Samuel Oni, FCA , MR. TONY O. ELUMELU, CON , MRS. OWANARI DUKE "
159,NGUCAP000004,UCAP,,6000000000.0,FINANCIAL SERVICES,Other Financial Institutions,UNITED CAPITAL PLC,Main Board,2013-01-13T00:00:00,2002-03-14T00:00:00,www.unitedcapitalplcgroup.com,"INVESTMENT BANKING, TRUSTEES, ASSET MANAGEMENT & STOCKBROKING","AFRILAND TOWERS, 95/107, BROAD STREET,, LAGOS",016317872,NIL,info@unitedcapitalplcgroup.com,LEO OKAFOR,PRICEWATERHOUSECOOPERS,AFRICA PRUDENTIAL PLC,
160,NGUNITYBANK3,UNITYBNK,,11689337942.0,FINANCIAL SERVICES,Banking,UNITY BANK PLC,Main Board,,1987-04-27T00:00:00,www.unitybankng.com,Commercial Banking,"Plot 42, Ahmed Onibudo Street, Victoria Island, Lagos",07080666030,,we_care@unitybankng.com,Adejumobi Alaba Williams ,KPMG Professional Services,Unity Registrars Limited,
161,NGUNIVINSUR9,UNIVINSURE,,16000000000.0,FINANCIAL SERVICES,"""Insurance Carriers, Brokers a",UNIVERSAL INSURANCE PLC,Main Board,2009-11-02T00:00:00,1961-03-01T00:00:00,www.universalinsuranceplc.com,General Insurance,"8, Gbagada Expressway, Anthony, Lagos",012934645,029200415C4Q72E8HC32,info@universalinsuranceplc.com,"Chinedu Anthony Onyilimba, Esq.","Ukwuegbu, Ogbeleje &amp; Co. (Chartered Accountants)",Mainstreet Registrars (formerlyAfribank Registrars),
162,NGUPL0000008,UPL,,431409504.0,SERVICES,Printing/Publishing,UNIVERSITY PRESS PLC.,Main Board,1978-08-14T00:00:00,1978-08-14T00:00:00,www.universitypressplc.com,"Publishing, distribution and sales of books and educational materials ","Three Crowns Building, Jericho, Ibadan",+23428738896,,unipress@universitypressplc.com,Ganiyu Adebowale Adebayo,,,
163,NGUPDCREIT01,UPDCREIT,,2668269500.0,CONSTRUCTION/REAL ESTATE,Real Estate Investment Trusts,UPDC REAL ESTATE INVESTMENT TRUST,Real Estate Investment Trust & Close End Fund,2008-02-26T00:00:00,2013-03-27T00:00:00,,Real Estate Investment Trust,,,,,,PriceWaterhouseCoopers,,
164,NGSIMCAPVAL6,VALUEFUND,,32096786.0,FINANCIAL SERVICES,Other Financial Institutions,VALUEALLIANCE VALUE FUND,Real Estate Investment Trust & Close End Fund,2011-07-27T00:00:00,2011-06-30T00:00:00,,Closed-ended fund,,,,,,,,
165,NGUNITYKAP04,VERITASKAP,,13866666666.0,FINANCIAL SERVICES,"""Insurance Carriers, Brokers a",VERITAS KAPITAL ASSURANCE PLC,Main Board,,1973-08-08T00:00:00,www.veritaskapital.com,General (Non-life) Insurance,"Plot 497 Abogo Largema Street,Off Constitution Avenue,CBD,Abuja",094619900,094619901,info@veritaskapital.com,Saratu Umar Garba,"Aminu Ibrahim &amp; Co (Chartered Accountants), Aminu Ibrahim &amp; Co (Chartered Accountants), Deloitte &amp;Toche (Chartered Accountants)",Unity Registrars Limited,
166,NGVITAFOAM00,VITAFOAM,,1250844064.0,CONSUMER GOODS,Household Durables,VITAFOAM NIG PLC.,Main Board,,1962-04-08T00:00:00,www.vitafoamng.com,"Manufacturing and Dsiribution of Flexible and Rigid Foam, Technial Foam Products and Fibre Products",140 Oba Akran Avenue Industrial Estate Ikeja,2805070 ,,info@vitafoamng.com,Mr. Olalekan Sanni,Deloitte &amp; Touche Nigeria,Meristem Registrars Limited,
167,NGWEMABANK07,WEMABANK,,38574466082.0,FINANCIAL SERVICES,Banking,WEMA BANK PLC.,Main Board,,1945-05-02T00:00:00,www.wemabank.com,Commercial Banking ,Wema Towers 54 Marina Lagos Island,08039003700,029200494H3E7D4H3E24,purpleconnect@wemabank.com,"Johnson Lebile, Johnson Lebile",Deloitte &amp; Touche Nigeria,"Citadel Registrars Limited, Greenwich Registrars &amp; Data Solutions",
168,NGZENITHBNK9,ZENITHBANK,,31396493786.0,FINANCIAL SERVICES,Banking,ZENITH BANK PLC,Premium Board,2004-10-21T00:00:00,1990-05-30T00:00:00,www.zenithbank.com | SWIFT:ZEIBNGLA,Commercial Banking,"Zenith Heights, Plot 84/87, Ajose Adeogun Street, Victoria Island, Lagos State, Nigeria",012787000,,zenithdirect@zenithbank.com,MICHAEL OSILAMA OTU ESQ,PRICEWATERHOUSECOOPERS,VERITAS REGISTRARS LIMITED,"Dr. Adaora Umeoji , Dr. Al-Mujtaba Abubakar , Dr. Temitope Fasoranti , Engr. Mustafa Bello , Mr. Ahmed Umar Shuaib , Mr. Dennis Olisa , Mr. Ebenezer Nduka Onyeagwu , Mr. Gabriel Ita Asuquo Ukpeh , Mr. Henry Oroh , Mr. Jeffrey Efeyini , Mr. Jim Ovia , Professor Chukuka S. Enwemeka , Professor Oyewusi Ibidapo-Obe "
